user_id,code
usr_1,code_1
usr_2,code_2
usr_3,code_3
usr_4,code_4
usr_5,code_5
usr_6,code_6
usr_7,code_7
usr_8,code_8
usr_9,code_9
usr_10,code_10
usr_11,code_11
usr_12,code_12
usr_13,code_13
usr_14,code_14
usr_15,code_15
usr_16,code_16
usr_17,code_17
usr_18,code_18
usr_19,code_19
usr_20,code_20
usr_21,code_21
usr_22,code_22
usr_23,code_23
usr_24,code_24
usr_25,code_25
usr_26,code_26
usr_27,code_27
usr_28,code_28
usr_29,code_29
usr_30,code_30
usr_31,code_31
usr_32,code_32
usr_33,code_33
usr_34,code_34
usr_35,code_35
usr_36,code_36
usr_37,code_37
usr_38,code_38
usr_39,code_39
usr_40,code_40
usr_41,code_41
usr_42,code_42
usr_43,code_43
usr_44,code_44
usr_45,code_45
usr_46,code_46
usr_47,code_47
usr_48,code_48
usr_49,code_49
usr_50,code_50
usr_51,code_51
usr_52,code_52
usr_53,code_53
usr_54,code_54
usr_55,code_55
usr_56,code_56
usr_57,code_57
usr_58,code_58
usr_59,code_59
usr_60,code_60
usr_61,code_61
usr_62,code_62
usr_63,code_63
usr_64,code_64
usr_65,code_65
usr_66,code_66
usr_67,code_67
usr_68,code_68
usr_69,code_69
usr_70,code_70
usr_71,code_71
usr_72,code_72
usr_73,code_73
usr_74,code_74
usr_75,code_75
usr_76,code_76
usr_77,code_77
usr_78,code_78
usr_79,code_79
usr_80,code_80
usr_81,code_81
usr_82,code_82
usr_83,code_83
usr_84,code_84
usr_85,code_85
usr_86,code_86
usr_87,code_87
usr_88,code_88
usr_89,code_89
usr_90,code_90
usr_91,code_91
usr_92,code_92
usr_93,code_93
usr_94,code_94
usr_95,code_95
usr_96,code_96
usr_97,code_97
usr_98,code_98
usr_99,code_99
usr_100,code_100